id,title,category,priority,status,due_date,details,created_at,completed_at
1,Test Task 1,QA,High,TODO,2026-01-21,Test Details,,
2,Sync Test Task,Test,High,DONE,2026-01-21,Details,,2026-01-21 13:59:02.879635
3,a日本語で言ってください,QA,Medium,TODO,2026-01-21,"こんにちわ

ｄｄｄｄｂｂｂ８８

fff１１１１",,
4,a,Other,Medium,TODO,2026-01-21,a,,
5,Test Task 1,QA,High,TODO,2026-01-23,Test Details,,
6,Sync Test Task,Test,High,TODO,2026-01-21,Details,,
7,a日本語で言ってください,QA,Medium,TODO,2026-01-28,"こんにちわxx

ｄｄｄｄｂｂｂ８８x

fff１１１１",,
8,a,Other,Medium,TODO,2026-01-21,a,,
